{"cameraMode":{"drawMode":0,"name":"Shaded","section":"Shading Mode"},"sceneLighting":false,"audioPlay":false,"sceneViewState":{"m_AlwaysRefresh":false,"showFog":true,"showSkybox":false,"showFlares":true,"showImageEffects":true,"showParticleSystems":true,"showVisualEffectGraphs":true,"m_FxEnabled":true},"in2DMode":false,"pivot":{"x":-12.63240909576416,"y":0.15745961666107179,"z":-13.115301132202149},"rotation":{"x":0.3226930797100067,"y":-0.13006651401519776,"z":0.044919971376657489,"w":0.9366468191146851},"size":2.187403440475464,"orthographic":false}